<T3DataStructure>
	<meta>
		<langDisable>1</langDisable>
	</meta>
	<sheets>
		<main>
			<ROOT>
				<TCEforms>
					<sheetTitle>LLL:EXT:js_profile/Resources/Private/Language/flexform.xlf:main</sheetTitle>
				</TCEforms>
				<type>array</type>
				<el>
					<settings.header>
						<TCEforms>
							<label>LLL:EXT:js_profile/Resources/Private/Language/flexform.xlf:flexform.header</label>
							<config>
								<type>input</type>
								<size>50</size>
								<max>150</max>
								<dafault></dafault>
								<eval>trim</eval>
							</config>
						</TCEforms>
					</settings.header>
					<settings.profile>
						<TCEforms>
							<label>LLL:EXT:js_profile/Resources/Private/Language/flexform.xlf:flexform.profile</label>
							<config>
								<type>select</type>
								<foreign_table>tx_jsprofile_domain_model_profile</foreign_table>
								<foreign_table_where> AND (tx_jsprofile_domain_model_profile.sys_language_uid = 0 OR tx_jsprofile_domain_model_profile.l10n_parent = 0) ORDER BY tx_jsprofile_domain_model_profile.name</foreign_table_where>
								<size>10</size>
								<autoSizeMax>50</autoSizeMax>
								<minitems>0</minitems>
								<maxitems>50</maxitems>
							</config>
						</TCEforms>
					</settings.profile>
					<settings.backgroundColor>
						<TCEforms>
							<label>Style Class</label>
							<config>
								<type>select</type>
								<items type="array">
									<numIndex index="0" type="array">
										<numIndex index="0">White</numIndex>
										<numIndex index="1">white</numIndex>
									</numIndex>
									<numIndex index="1" type="array">
										<numIndex index="0">Dark</numIndex>
										<numIndex index="1">dark</numIndex>
									</numIndex>
								</items>
							</config>
						</TCEforms>
					</settings.backgroundColor>
					<settings.headerLayout>
						<TCEforms>
							<label>Style Class</label>
							<config>
								<type>select</type>
								<items type="array">
									<numIndex index="0" type="array">
										<numIndex index="0">Header 2</numIndex>
										<numIndex index="1">2</numIndex>
									</numIndex>
									<numIndex index="1" type="array">
										<numIndex index="0">Header 1</numIndex>
										<numIndex index="1">1</numIndex>
									</numIndex>
								</items>
							</config>
						</TCEforms>
					</settings.headerLayout>
				</el>
			</ROOT>
		</main>
	</sheets>
</T3DataStructure>