{
    "modules": [
        {
            "config": {
                "position": [
                    152,
                    45
                ]
            },
            "name": "New Model Object",
            "value": {
                "actionGroup": {
                    "_default0_list": false,
                    "_default1_show": false,
                    "_default2_new_create": false,
                    "_default3_edit_update": false,
                    "_default4_delete": false,
                    "customActions": [
                        "category"
                    ]
                },
                "name": "Category",
                "objectsettings": {
                    "addDeletedField": true,
                    "addHiddenField": true,
                    "addStarttimeEndtimeFields": true,
                    "aggregateRoot": true,
                    "categorizable": false,
                    "description": "",
                    "mapToTable": "",
                    "parentClass": "",
                    "sorting": false,
                    "type": "Entity",
                    "uid": "1061354345609"
                },
                "propertyGroup": {
                    "properties": [
                        {
                            "allowedFileTypes": "",
                            "maxItems": "1",
                            "propertyDescription": "",
                            "propertyIsExcludeField": true,
                            "propertyIsRequired": false,
                            "propertyName": "title",
                            "propertyType": "String",
                            "uid": "1127092410511"
                        },
                        {
                            "allowedFileTypes": "",
                            "maxItems": "1",
                            "propertyDescription": "",
                            "propertyIsExcludeField": true,
                            "propertyIsRequired": false,
                            "propertyName": "icon",
                            "propertyType": "Image",
                            "uid": "813368648448"
                        }
                    ]
                },
                "relationGroup": {
                    "relations": [

                    ]
                }
            }
        },
        {
            "config": {
                "position": [
                    407,
                    17
                ]
            },
            "name": "New Model Object",
            "value": {
                "actionGroup": {
                    "_default0_list": false,
                    "_default1_show": false,
                    "_default2_new_create": false,
                    "_default3_edit_update": false,
                    "_default4_delete": false,
                    "customActions": [

                    ]
                },
                "name": "Filetype",
                "objectsettings": {
                    "addDeletedField": true,
                    "addHiddenField": true,
                    "addStarttimeEndtimeFields": true,
                    "aggregateRoot": true,
                    "categorizable": false,
                    "description": "",
                    "mapToTable": "",
                    "parentClass": "",
                    "sorting": false,
                    "type": "Entity",
                    "uid": "940536158200"
                },
                "propertyGroup": {
                    "properties": [
                        {
                            "allowedFileTypes": "",
                            "maxItems": "1",
                            "propertyDescription": "",
                            "propertyIsExcludeField": true,
                            "propertyIsRequired": false,
                            "propertyName": "title",
                            "propertyType": "String",
                            "uid": "192559834401"
                        },
                        {
                            "allowedFileTypes": "",
                            "maxItems": "1",
                            "propertyDescription": "",
                            "propertyIsExcludeField": true,
                            "propertyIsRequired": false,
                            "propertyName": "icon",
                            "propertyType": "Image",
                            "uid": "921252444875"
                        }
                    ]
                },
                "relationGroup": {
                    "relations": [

                    ]
                }
            }
        },
        {
            "config": {
                "position": [
                    655,
                    88
                ]
            },
            "name": "New Model Object",
            "value": {
                "actionGroup": {
                    "_default0_list": false,
                    "_default1_show": false,
                    "_default2_new_create": false,
                    "_default3_edit_update": false,
                    "_default4_delete": false,
                    "customActions": [
                        "download"
                    ]
                },
                "name": "File",
                "objectsettings": {
                    "addDeletedField": true,
                    "addHiddenField": true,
                    "addStarttimeEndtimeFields": true,
                    "aggregateRoot": true,
                    "categorizable": false,
                    "description": "",
                    "mapToTable": "",
                    "parentClass": "",
                    "sorting": false,
                    "type": "Entity",
                    "uid": "236608508143"
                },
                "propertyGroup": {
                    "properties": [
                        {
                            "allowedFileTypes": "",
                            "maxItems": "1",
                            "propertyDescription": "",
                            "propertyIsExcludeField": true,
                            "propertyIsRequired": false,
                            "propertyName": "title",
                            "propertyType": "String",
                            "uid": "1036808693943"
                        },
                        {
                            "allowedFileTypes": "",
                            "maxItems": "1",
                            "propertyDescription": "",
                            "propertyIsExcludeField": true,
                            "propertyIsRequired": false,
                            "propertyName": "shortDescription",
                            "propertyType": "Text",
                            "uid": "1294346455627"
                        },
                        {
                            "allowedFileTypes": "",
                            "maxItems": "1",
                            "propertyDescription": "",
                            "propertyIsExcludeField": true,
                            "propertyIsRequired": false,
                            "propertyName": "date",
                            "propertyType": "DateTime",
                            "uid": "526699411338"
                        },
                        {
                            "allowedFileTypes": "",
                            "maxItems": "1",
                            "propertyDescription": "",
                            "propertyIsExcludeField": true,
                            "propertyIsRequired": false,
                            "propertyName": "media",
                            "propertyType": "File",
                            "uid": "848380602213"
                        },
                        {
                            "allowedFileTypes": "",
                            "maxItems": "1",
                            "propertyDescription": "",
                            "propertyIsExcludeField": true,
                            "propertyIsRequired": false,
                            "propertyName": "description",
                            "propertyType": "RichText",
                            "uid": "243029351560"
                        },
                        {
                            "allowedFileTypes": "",
                            "maxItems": "1",
                            "propertyDescription": "",
                            "propertyIsExcludeField": true,
                            "propertyIsRequired": false,
                            "propertyName": "video",
                            "propertyType": "Boolean",
                            "uid": "142991516445"
                        },
                        {
                            "allowedFileTypes": "",
                            "maxItems": "1",
                            "propertyDescription": "",
                            "propertyIsExcludeField": true,
                            "propertyIsRequired": false,
                            "propertyName": "videoMp4",
                            "propertyType": "File",
                            "uid": "1267710303620"
                        },
                        {
                            "allowedFileTypes": "",
                            "maxItems": "1",
                            "propertyDescription": "",
                            "propertyIsExcludeField": true,
                            "propertyIsRequired": false,
                            "propertyName": "videoWebm",
                            "propertyType": "File",
                            "uid": "549310957992"
                        },
                        {
                            "allowedFileTypes": "",
                            "maxItems": "1",
                            "propertyDescription": "",
                            "propertyIsExcludeField": true,
                            "propertyIsRequired": false,
                            "propertyName": "videoOgg",
                            "propertyType": "File",
                            "uid": "705284137685"
                        },
                        {
                            "allowedFileTypes": "",
                            "maxItems": "1",
                            "propertyDescription": "",
                            "propertyIsExcludeField": true,
                            "propertyIsRequired": false,
                            "propertyName": "noOfDownload",
                            "propertyType": "Integer",
                            "uid": "669994657887"
                        }
                    ]
                },
                "relationGroup": {
                    "relations": [
                        {
                            "foreignRelationClass": "",
                            "lazyLoading": false,
                            "propertyIsExcludeField": true,
                            "relationDescription": "",
                            "relationName": "category",
                            "relationType": "manyToMany",
                            "relationWire": "[wired]",
                            "uid": "1410820214550"
                        },
                        {
                            "foreignRelationClass": "",
                            "lazyLoading": false,
                            "propertyIsExcludeField": true,
                            "relationDescription": "",
                            "relationName": "fileType",
                            "relationType": "manyToOne",
                            "relationWire": "[wired]",
                            "uid": "956756103353"
                        }
                    ]
                }
            }
        }
    ],
    "properties": {
        "backendModules": [

        ],
        "description": "Download Manager",
        "emConf": {
            "category": "plugin",
            "custom_category": "",
            "dependsOn": "typo3 => 6.0.0 - 6.2.99",
            "disableLocalization": false,
            "disableVersioning": false,
            "sourceLanguage": "en",
            "state": "stable",
            "targetVersion": "6.2",
            "version": "1.0.0"
        },
        "extensionKey": "js_download",
        "name": "Download Manager",
        "originalExtensionKey": "js_download",
        "persons": [

        ],
        "plugins": [
            {
                "actions": {
                    "controllerActionCombinations": "File => download",
                    "noncacheableActions": "File => download",
                    "switchableActions": ""
                },
                "key": "download",
                "name": "Download Manager"
            }
        ],
        "vendorName": "JS"
    },
    "wires": [
        {
            "src": {
                "moduleId": 2,
                "terminal": "relationWire_0",
                "uid": "1410820214550"
            },
            "tgt": {
                "moduleId": 0,
                "terminal": "SOURCES",
                "uid": "1061354345609"
            }
        },
        {
            "src": {
                "moduleId": 2,
                "terminal": "relationWire_1",
                "uid": "956756103353"
            },
            "tgt": {
                "moduleId": 1,
                "terminal": "SOURCES",
                "uid": "940536158200"
            }
        }
    ],
    "log": {
        "last_modified": "2015-08-24 03:25",
        "extension_builder_version": "6.2.0",
        "be_user": " (2)"
    }
}