{
    "modules": [
        {
            "config": {
                "position": [
                    282,
                    115
                ]
            },
            "name": "New Model Object",
            "value": {
                "actionGroup": {
                    "_default0_list": true,
                    "_default1_show": false,
                    "_default2_new_create": false,
                    "_default3_edit_update": false,
                    "_default4_delete": false,
                    "customActions": [
                        "event"
                    ]
                },
                "name": "Event",
                "objectsettings": {
                    "addDeletedField": true,
                    "addHiddenField": true,
                    "addStarttimeEndtimeFields": true,
                    "aggregateRoot": true,
                    "categorizable": false,
                    "description": "",
                    "mapToTable": "",
                    "parentClass": "",
                    "sorting": false,
                    "type": "Entity",
                    "uid": "842469065825"
                },
                "propertyGroup": {
                    "properties": [
                        {
                            "allowedFileTypes": "",
                            "maxItems": "1",
                            "propertyDescription": "",
                            "propertyIsExcludeField": true,
                            "propertyIsRequired": false,
                            "propertyName": "title",
                            "propertyType": "String",
                            "uid": "89112024341"
                        },
                        {
                            "allowedFileTypes": "",
                            "maxItems": "1",
                            "propertyDescription": "",
                            "propertyIsExcludeField": true,
                            "propertyIsRequired": false,
                            "propertyName": "startDate",
                            "propertyType": "DateTime",
                            "uid": "276276241843"
                        },
                        {
                            "allowedFileTypes": "",
                            "maxItems": "1",
                            "propertyDescription": "",
                            "propertyIsExcludeField": true,
                            "propertyIsRequired": false,
                            "propertyName": "endDate",
                            "propertyType": "DateTime",
                            "uid": "1266808255410"
                        },
                        {
                            "allowedFileTypes": "",
                            "maxItems": "1",
                            "propertyDescription": "",
                            "propertyIsExcludeField": true,
                            "propertyIsRequired": false,
                            "propertyName": "location",
                            "propertyType": "String",
                            "uid": "969624478044"
                        },
                        {
                            "allowedFileTypes": "",
                            "maxItems": "1",
                            "propertyDescription": "",
                            "propertyIsExcludeField": true,
                            "propertyIsRequired": false,
                            "propertyName": "description",
                            "propertyType": "RichText",
                            "uid": "883762114167"
                        },
                        {
                            "allowedFileTypes": "",
                            "maxItems": "1",
                            "propertyDescription": "",
                            "propertyIsExcludeField": true,
                            "propertyIsRequired": false,
                            "propertyName": "image",
                            "propertyType": "File",
                            "uid": "775359987465"
                        }
                    ]
                },
                "relationGroup": {
                    "relations": [
                        {
                            "foreignRelationClass": "",
                            "lazyLoading": false,
                            "propertyIsExcludeField": true,
                            "relationDescription": "",
                            "relationName": "category",
                            "relationType": "manyToMany",
                            "relationWire": "[wired]",
                            "uid": "310412665633"
                        }
                    ]
                }
            }
        },
        {
            "config": {
                "position": [
                    832,
                    175
                ]
            },
            "name": "New Model Object",
            "value": {
                "actionGroup": {
                    "_default0_list": false,
                    "_default1_show": false,
                    "_default2_new_create": false,
                    "_default3_edit_update": false,
                    "_default4_delete": false,
                    "customActions": [
                        "category"
                    ]
                },
                "name": "Category",
                "objectsettings": {
                    "addDeletedField": true,
                    "addHiddenField": true,
                    "addStarttimeEndtimeFields": true,
                    "aggregateRoot": true,
                    "categorizable": false,
                    "description": "",
                    "mapToTable": "",
                    "parentClass": "",
                    "sorting": false,
                    "type": "Entity",
                    "uid": "22769363082"
                },
                "propertyGroup": {
                    "properties": [
                        {
                            "allowedFileTypes": "",
                            "maxItems": "1",
                            "propertyDescription": "",
                            "propertyIsExcludeField": true,
                            "propertyIsRequired": false,
                            "propertyName": "title",
                            "propertyType": "String",
                            "uid": "1188352768650"
                        }
                    ]
                },
                "relationGroup": {
                    "relations": []
                }
            }
        }
    ],
    "properties": {
        "backendModules": [],
        "description": "Event Management",
        "emConf": {
            "category": "plugin",
            "custom_category": "",
            "dependsOn": "typo3 => 6.0.0 - 6.2.99\n",
            "disableLocalization": false,
            "disableVersioning": false,
            "sourceLanguage": "en",
            "state": "stable",
            "targetVersion": "6.2",
            "version": "1.0.0"
        },
        "extensionKey": "js_event",
        "name": "Event Management",
        "originalExtensionKey": "js_event",
        "persons": [],
        "plugins": [
            {
                "actions": {
                    "controllerActionCombinations": "Event=>event",
                    "noncacheableActions": "Event=>event",
                    "switchableActions": ""
                },
                "key": "event",
                "name": "Event Management"
            }
        ],
        "vendorName": "JS"
    },
    "wires": [
        {
            "src": {
                "moduleId": 0,
                "terminal": "relationWire_0",
                "uid": "310412665633"
            },
            "tgt": {
                "moduleId": 1,
                "terminal": "SOURCES",
                "uid": "22769363082"
            }
        }
    ],
    "log": {
        "last_modified": "2015-07-02 02:57",
        "extension_builder_version": "6.2.0",
        "be_user": " (1)"
    }
}