<T3DataStructure>
	<meta>
		<langDisable>1</langDisable>
	</meta>
	<sheets>
		<main>
			<ROOT>
				<TCEforms>
					<sheetTitle>Main Settings</sheetTitle>
				</TCEforms>
				<type>array</type>
				<el>

					<!-- <settings.api>
									<TCEforms>
										<label>API</label>
										<config>
											<type>input</type>
											<size>40</size>
											<max>99</max>
											<eval>trim</eval>
											<default>AIzaSyCEcrDkBQ9LkWZtco4ZZZU5o1Xg0A6CpM8</default>
										</config>
									</TCEforms>
								</settings.api> -->			

					<settings.latitude>
						<TCEforms>
							<label>Latitude</label>
							<config>
								<type>input</type>
								<size>25</size>
								<max>25</max>
								<eval>trim</eval>
								<default>47.613765</default>
							</config>
						</TCEforms>
					</settings.latitude>
					<settings.longitude>
						<TCEforms>
							<label>Longitude</label>
							<config>
								<type>input</type>
								<size>25</size>
								<max>25</max>
								<eval>trim</eval>
								<default>10.689198</default>
							</config>
						</TCEforms>
					</settings.longitude>

					<settings.zoomLevel>
						<TCEforms>
							<label>Zoom Level</label>
							<config>
								<type>input</type>
								<size>25</size>
								<max>25</max>
								<eval>trim</eval>
								<default>12</default>
							</config>
						</TCEforms>
					</settings.zoomLevel>

					<settings.destination>
						<TCEforms>
							<label>Default Destination Address</label>
							<config>
								<type>input</type>
								<size>40</size>
								<max>300</max>
								<eval>trim</eval>
								<default>Fachklinik Enzensberg, Höhenstraße, Füssen, Germany</default>
							</config>
						</TCEforms>
					</settings.destination>

				</el>
			</ROOT>
		</main>

	</sheets>
</T3DataStructure>