<T3DataStructure>
	<meta>
		<langDisable>1</langDisable>
	</meta>
	<sheets>
		<generalSetting>
			<ROOT>
				<TCEforms>
					<sheetTitle>LLL:EXT:js_news/Resources/Private/Language/locallang_flexform.xlf:settings.generalSetting</sheetTitle>
				</TCEforms>
				<type>array</type>
				<el>
					<settings.newsList>
						<TCEforms>
							<label>News List</label>
							<config>
								<type>select</type>
								<foreign_table>tx_news_domain_model_news</foreign_table>
								<size>5</size>
								<maxitems>10</maxitems>
								<minitems>0</minitems>
								<autoSizeMax>5</autoSizeMax>
								<wizards>
									<suggest>
										<type>suggest</type>
									</suggest>
								</wizards>
							</config>
						</TCEforms>
					</settings.newsList>
					<settings.newsDetailLink>
						<TCEforms>
							<label>Detail page link</label>
							<config>
								<type>group</type>
								<internal_type>db</internal_type>
								<allowed>pages</allowed>
								<size>1</size>
								<autoSizeMax>1</autoSizeMax>
								<maxitems>1</maxitems>
								<minitems>0</minitems>
								<show_thumbs>1</show_thumbs>
								<default>39</default>
							</config>
						</TCEforms>
					</settings.newsDetailLink>
				</el>
			</ROOT>
		</generalSetting>
	</sheets>
</T3DataStructure>