{
    "modules": [
        {
            "config": {
                "position": [
                    263,
                    88
                ]
            },
            "name": "New Model Object",
            "value": {
                "actionGroup": {
                    "_default0_list": false,
                    "_default1_show": false,
                    "_default2_new_create": false,
                    "_default3_edit_update": false,
                    "_default4_delete": false,
                    "customActions": [
                        "googleRoute"
                    ]
                },
                "name": "GoogleRoute",
                "objectsettings": {
                    "addDeletedField": true,
                    "addHiddenField": true,
                    "addStarttimeEndtimeFields": true,
                    "aggregateRoot": true,
                    "categorizable": false,
                    "description": "",
                    "mapToTable": "",
                    "parentClass": "",
                    "sorting": false,
                    "type": "Entity",
                    "uid": "1272983849118"
                },
                "propertyGroup": {
                    "properties": []
                },
                "relationGroup": {
                    "relations": []
                }
            }
        }
    ],
    "properties": {
        "backendModules": [],
        "description": "Google Map Route Planner - Source to Destination",
        "emConf": {
            "category": "plugin",
            "custom_category": "",
            "dependsOn": "typo3 => 6.0.0 - 8.9.99",
            "disableLocalization": false,
            "disableVersioning": false,
            "skipGenerateDocumentationTemplate": false,
            "sourceLanguage": "en",
            "state": "stable",
            "targetVersion": "7.6.0-7.6.99",
            "version": "0.0.1"
        },
        "extensionKey": "js_googleroute",
        "name": "Google Map Route Planner",
        "originalExtensionKey": "js_googleroute",
        "originalVendorName": "JS",
        "persons": [],
        "plugins": [
            {
                "actions": {
                    "controllerActionCombinations": "GoogleRoute => googleRoute",
                    "noncacheableActions": "GoogleRoute => googleRoute",
                    "switchableActions": ""
                },
                "key": "googleroute",
                "name": "Google Map Route Planner"
            }
        ],
        "vendorName": "JS"
    },
    "wires": [],
    "log": {
        "last_modified": "2016-07-18 04:52",
        "extension_builder_version": "7.6.0",
        "be_user": " (1)"
    }
}