<T3DataStructure>
	<meta>
		<langDisable>1</langDisable>
	</meta>
	<sheets>
		<main>
			<ROOT>
				<TCEforms>
					<sheetTitle>Main Settings</sheetTitle>
				</TCEforms>
				<type>array</type>
				<el>
					 <settings.flexform.underweight>
			            <TCEforms>
			              <exclude>1</exclude>
			              <label>Underweight</label>
			              <config>
			                <type>input</type>
			              </config>
			            </TCEforms>
			          </settings.flexform.underweight>

			          <settings.flexform.normalweight>
			            <TCEforms>
			              <exclude>1</exclude>
			              <label>Normal weight</label>
			              <config>
			                <type>input</type>
			              </config>
			            </TCEforms>
			          </settings.flexform.normalweight>

			          <settings.flexform.overweight>
			            <TCEforms>
			              <exclude>1</exclude>
			              <label>Overweight</label>
			              <config>
			                <type>input</type>
			              </config>
			            </TCEforms>
			          </settings.flexform.overweight>

			          <settings.flexform.obesity>
			            <TCEforms>
			              <exclude>1</exclude>
			              <label>Obesity</label>
			              <config>
			                <type>input</type>
			              </config>
			            </TCEforms>
			          </settings.flexform.obesity>
				</el>
      </ROOT>
    </main>    

	</sheets>
</T3DataStructure>