<T3DataStructure>
	<meta>
		<langDisable>1</langDisable>
	</meta>
	<sheets>
		<sDEF>
			<ROOT>
				<TCEforms>
					<sheetTitle>LLL:EXT:js_download/Resources/Private/Language/locallang_flexform.xlf:flexform.setting.general</sheetTitle>
				</TCEforms>
				<type>array</type>
				<el>
					<settings.orderBy>
						<TCEforms>
							<label>LLL:EXT:js_download/Resources/Private/Language/locallang_flexform.xlf:flexform.orderBy</label>
							<config>
								<type>select</type>
								<items type="array">
									<numIndex index="0" type="array">
										<numIndex index="0">LLL:EXT:js_download/Resources/Private/Language/locallang_flexform.xlf:flexform.choose</numIndex>
										<numIndex index="1" />
									</numIndex>
									<numIndex index="1" type="array">
										<numIndex index="0">LLL:EXT:js_download/Resources/Private/Language/locallang_flexform.xlf:flexform.orderBy.title</numIndex>
										<numIndex index="1">title</numIndex>
									</numIndex>
									<numIndex index="2" type="array">
										<numIndex index="0">LLL:EXT:js_download/Resources/Private/Language/locallang_flexform.xlf:flexform.orderBy.uid</numIndex>
										<numIndex index="1">uid</numIndex>
									</numIndex>
									<numIndex index="3" type="array">
										<numIndex index="0">LLL:EXT:js_download/Resources/Private/Language/locallang_flexform.xlf:flexform.orderBy.crdate</numIndex>
										<numIndex index="1">crdate</numIndex>
									</numIndex>
									<numIndex index="4" type="array">
										<numIndex index="0">LLL:EXT:js_download/Resources/Private/Language/locallang_flexform.xlf:flexform.orderBy.tstamp</numIndex>
										<numIndex index="1">tstamp</numIndex>
									</numIndex>									
								</items>
							</config>
						</TCEforms>
					</settings.orderBy>
					<settings.sorting>
						<TCEforms>
							<label>LLL:EXT:js_download/Resources/Private/Language/locallang_flexform.xlf:flexform.sorting</label>
							<config>
								<type>select</type>
								<items type="array">
									<numIndex index="0" type="array">
										<numIndex index="0">LLL:EXT:js_download/Resources/Private/Language/locallang_flexform.xlf:flexform.choose</numIndex>
										<numIndex index="1" />
									</numIndex>
									<numIndex index="1" type="array">
										<numIndex index="0">LLL:EXT:js_download/Resources/Private/Language/locallang_flexform.xlf:flexform.choose.ascending</numIndex>
										<numIndex index="1">asc</numIndex>
									</numIndex>
									<numIndex index="2" type="array">
										<numIndex index="0">LLL:EXT:js_download/Resources/Private/Language/locallang_flexform.xlf:flexform.choose.descending</numIndex>
										<numIndex index="1">desc</numIndex>
									</numIndex>
								</items>
							</config>
						</TCEforms>
					</settings.sorting>
					<settings.categories>
						<TCEforms>
							<label>LLL:EXT:js_download/Resources/Private/Language/locallang_flexform.xlf:flexform.categories</label>
							<config>
								<type>select</type>
								<foreign_table>tx_jsdownload_domain_model_category</foreign_table>
								<foreign_table_where>AND (tx_jsdownload_domain_model_category.sys_language_uid = 0 OR tx_jsdownload_domain_model_category.l10n_parent = 0) ORDER BY tx_jsdownload_domain_model_category.uid</foreign_table_where>
								<size>10</size>
								<autoSizeMax>20</autoSizeMax>
								<minitems>0</minitems>
								<maxitems>50</maxitems>
							</config>
						</TCEforms>
					</settings.categories>
					<settings.storagePID>
						<TCEforms>
							<label>LLL:EXT:js_download/Resources/Private/Language/locallang_flexform.xlf:flexform.storagePID</label>
							<config>
								<type>group</type>
								<internal_type>db</internal_type>
								<allowed>pages</allowed>
								<size>2</size>
								<autoSizeMax>30</autoSizeMax>
								<maxitems>99</maxitems>
								<minitems>0</minitems>
								<show_thumbs>1</show_thumbs>
								<default />
							</config>
						</TCEforms>
					</settings.storagePID>
				</el>
			</ROOT>
		</sDEF>
		<additional>
			<ROOT>
				<TCEforms>
					<sheetTitle>LLL:EXT:js_download/Resources/Private/Language/locallang_flexform.xlf:flexform.setting.additional</sheetTitle>
				</TCEforms>
				<type>array</type>
				<el>
					<settings.limit>
						<TCEforms>
							<label>LLL:EXT:js_download/Resources/Private/Language/locallang_flexform.xlf:flexform.limit</label>
							<config>
								<type>input</type>
								<size>5</size>
								<max>4</max>
								<eval>num</eval>
							</config>
						</TCEforms>
					</settings.limit>
					<settings.paginate>
						<TCEforms>
							<label>LLL:EXT:js_download/Resources/Private/Language/locallang_flexform.xlf:flexform.paginate</label>
							<onChange>reload</onChange>
							<config>
								<type>check</type>
								<default>0</default>
							</config>
						</TCEforms>
					</settings.paginate>
					<settings.recordPerPage>
						<TCEforms>
							<label>LLL:EXT:js_download/Resources/Private/Language/locallang_flexform.xlf:flexform.recordPerPage</label>
							<displayCond>FIELD:settings.paginate:=:1</displayCond>
							<config>
								<type>input</type>
								<size>2</size>
								<max>2</max>
								<default>10</default>
								<eval>num</eval>
							</config>
						</TCEforms>
					</settings.recordPerPage>
					<settings.listPage>
						<TCEforms>
							<label>LLL:EXT:js_download/Resources/Private/Language/locallang_flexform.xlf:flexform.listPage</label>
							<config>
								<type>group</type>
								<internal_type>db</internal_type>
								<allowed>pages</allowed>
								<size>1</size>
								<autoSizeMax>30</autoSizeMax>
								<maxitems>1</maxitems>
								<minitems>0</minitems>
								<show_thumbs>1</show_thumbs>
								<default />
							</config>
						</TCEforms>
					</settings.listPage>
				</el>
			</ROOT>
		</additional>
	</sheets>
</T3DataStructure>