<T3DataStructure>
	<meta>
		<langDisable>1</langDisable>
	</meta>
	<sheets>
		<main>
			<ROOT>
				<TCEforms>
					<sheetTitle>Main Settings</sheetTitle>
				</TCEforms>
				<type>array</type>
				<el>
					<settings.detaiLink>
						<TCEforms>
							<label>Starting Point</label>
							<config>
								<type>group</type>
								<internal_type>db</internal_type>
								<allowed>pages</allowed>
								<size>1</size>
								<autoSizeMax>1</autoSizeMax>
								<maxitems>1</maxitems>
								<minitems>1</minitems>
								<show_thumbs>1</show_thumbs>
								<default />
							</config>
						</TCEforms>
					</settings.detaiLink>
					<settings.storagePID>
						<TCEforms>
							<label>Starting Point</label>
							<config>
								<type>group</type>
								<internal_type>db</internal_type>
								<allowed>pages</allowed>
								<size>1</size>
								<autoSizeMax>30</autoSizeMax>
								<maxitems>99</maxitems>
								<minitems>0</minitems>
								<show_thumbs>1</show_thumbs>
								<default />
							</config>
						</TCEforms>
					</settings.storagePID>
				</el>
			</ROOT>
		</main>
	</sheets>
</T3DataStructure>