<T3DataStructure>
	<meta>
		<langDisable>1</langDisable>
	</meta>
	<sheets>
		<main>
			<ROOT>
				<TCEforms>
					<sheetTitle>Main Settings</sheetTitle>
				</TCEforms>
				<type>array</type>
				<el>
					<settings.storagePID>
						<TCEforms>
							<label>Starting Point</label>
							<config>
								<type>group</type>
								<internal_type>db</internal_type>
								<allowed>pages</allowed>
								<size>1</size>
								<autoSizeMax>30</autoSizeMax>
								<maxitems>99</maxitems>
								<minitems>0</minitems>
								<show_thumbs>1</show_thumbs>
								<default />
							</config>
						</TCEforms>
					</settings.storagePID>
				</el>
			</ROOT>
		</main>
		<category>
			<ROOT>
			<TCEforms>
				<sheetTitle>Category</sheetTitle>
			</TCEforms>
			<type>array</type>
				<el>
					<settings.categoryList>
						<TCEforms>
							<label>category List</label>
							<config>
								<type>select</type>
								<foreign_table>tx_jscourses_domain_model_category</foreign_table>
								<foreign_table_where> AND tx_jscourses_domain_model_category.deleted = 0 AND tx_jscourses_domain_model_category.hidden = 0</foreign_table_where>
								<size>15</size>
								<maxitems>100</maxitems>
								<minitems>0</minitems>
								<autoSizeMax>50</autoSizeMax>
							</config>
						</TCEforms>
					</settings.categoryList>
				</el>
			</ROOT>
		</category>
		<receiver>
			<ROOT>
				<TCEforms>
					<sheetTitle>LLL:EXT:js_courses/Resources/Private/Language/flexform.xlf:receiver</sheetTitle>
				</TCEforms>
				<type>array</type>
				<el>
					<settings.bookCourseLink>
						<TCEforms>
							<label>Booking Course Link to powermail form - if this is set then following list will not use</label>
							<config>
								<type>group</type>
								<internal_type>db</internal_type>
								<allowed>pages</allowed>
								<size>1</size>
								<autoSizeMax>1</autoSizeMax>
								<maxitems>1</maxitems>
								<minitems>0</minitems>
								<show_thumbs>1</show_thumbs>
								<default />
							</config>
						</TCEforms>
					</settings.bookCourseLink>
					<settings.flexform.receiver.name>
						<TCEforms>
							<exclude>1</exclude>
							<label>LLL:EXT:js_courses/Resources/Private/Language/flexform.xlf:receiver.name</label>
							<config>
								<type>input</type>
								<eval>trim</eval>
							</config>
						</TCEforms>
					</settings.flexform.receiver.name>
					<settings.flexform.receiver.email>
						<TCEforms>
							<exclude>1</exclude>
							<label>LLL:EXT:js_courses/Resources/Private/Language/flexform.xlf:receiver.email</label>
							<config>
								<type>input</type>
								<eval>trim</eval>
							</config>
						</TCEforms>
					</settings.flexform.receiver.email>
					<settings.flexform.receiver.subject>
						<TCEforms>
							<exclude>1</exclude>
							<label>LLL:EXT:js_courses/Resources/Private/Language/flexform.xlf:receiver.subject</label>
							<config>
								<type>input</type>
								<eval>trim</eval>
								<default></default>
							</config>
						</TCEforms>
					</settings.flexform.receiver.subject>
					<settings.flexform.receiver.senderName>
						<TCEforms>
							<label>LLL:EXT:js_courses/Resources/Private/Language/flexform.xlf:receiver.senderName</label>
							<config>
								<type>input</type>
								<size>30</size>
								<max>50</max>
								<default>Sender</default>
							</config>
						</TCEforms>
					</settings.flexform.receiver.senderName>
					<settings.flexform.receiver.senderEmail>
						<TCEforms>
							<label>LLL:EXT:js_courses/Resources/Private/Language/flexform.xlf:receiver.senderEmail</label>
							<config>
								<type>input</type>
								<size>30</size>
								<max>50</max>
								<default>sender@sender.com</default>
							</config>
						</TCEforms>
					</settings.flexform.receiver.senderEmail>
					<settings.flexform.receiver.replyToName>
						<TCEforms>
							<label>LLL:EXT:js_courses/Resources/Private/Language/flexform.xlf:receiver.replyToName</label>
							<config>
								<type>input</type>
								<size>30</size>
								<max>50</max>
								<default>noreply</default>
							</config>
						</TCEforms>
					</settings.flexform.receiver.replyToName>
					<settings.flexform.receiver.replyToEmail>
						<TCEforms>
							<label>LLL:EXT:js_courses/Resources/Private/Language/flexform.xlf:receiver.replyToEmail</label>
							<config>
								<type>input</type>
								<size>30</size>
								<max>250</max>
								<default>noreply@noreply.com</default>
							</config>
						</TCEforms>
					</settings.flexform.receiver.replyToEmail>
				</el>
			</ROOT>
		</receiver>
		<mailMessage>
			<ROOT>
				<TCEforms>
					<sheetTitle>LLL:EXT:js_courses/Resources/Private/Language/flexform.xlf:thanks</sheetTitle>
				</TCEforms>
				<type>array</type>
				<el>
					<settings.admin>
						<TCEforms>
							<exclude>1</exclude>
							<label>LLL:EXT:js_courses/Resources/Private/Language/flexform.xlf:admin.body</label>
							<config>
								<type>text</type>
								<default></default>
							</config>
							<defaultExtras>richtext[cut|copy|paste|formatblock|bold|italic|underline|left|center|right|orderedlist|unorderedlist|outdent|indent|link|image|line|chMode]:rte_transform[mode=ts_css]</defaultExtras>
						</TCEforms>
					</settings.admin>
					<settings.user>
						<TCEforms>
							<exclude>1</exclude>
							<label>LLL:EXT:js_courses/Resources/Private/Language/flexform.xlf:user.body</label>
							<config>
								<type>text</type>
								<default></default>
							</config>
							<defaultExtras>richtext[cut|copy|paste|formatblock|bold|italic|underline|left|center|right|orderedlist|unorderedlist|outdent|indent|link|image|line|chMode]:rte_transform[mode=ts_css]</defaultExtras>
						</TCEforms>
					</settings.user>
				</el>
			</ROOT>
		</mailMessage>
		
		<courses>
			<ROOT>
			<TCEforms>
				<sheetTitle>Courses</sheetTitle>
			</TCEforms>
			<type>array</type>
				<el>
					<settings.courses.title>
						<TCEforms>
							<label>Title</label>
							<config>
								<type>input</type>
								<size>50</size>
								<max>150</max>
								<dafault></dafault>
								<eval>trim</eval>
							</config>
						</TCEforms>
					</settings.courses.title>
				</el>
			</ROOT>
		</courses>
		<newsletter>
			<ROOT>
			<TCEforms>
				<sheetTitle>Newsletter Setting</sheetTitle>
			</TCEforms>
			<type>array</type>
				<el>
					<settings.newsletterTemplate>
						<TCEforms>
							<label>For Newsletter Template</label>
							<config>
								<type>check</type>
								<default>0</default>
							</config>
						</TCEforms>
					</settings.newsletterTemplate>
					<settings.coursesList>
						<TCEforms>
							<label>Courses List</label>
							<config>
								<type>select</type>
								<foreign_table>tx_jscourses_domain_model_courses</foreign_table>
								<size>20</size>
								<maxitems>10</maxitems>
								<minitems>0</minitems>
								<autoSizeMax>50</autoSizeMax>
							</config>
						</TCEforms>
					</settings.coursesList>
					<settings.coursesDetailLink>
						<TCEforms>
							<label>Detail page link</label>
							<config>
								<type>group</type>
								<internal_type>db</internal_type>
								<allowed>pages</allowed>
								<size>1</size>
								<autoSizeMax>1</autoSizeMax>
								<maxitems>1</maxitems>
								<minitems>0</minitems>
								<show_thumbs>1</show_thumbs>
								<default />
							</config>
						</TCEforms>
					</settings.coursesDetailLink>
					<settings.domainLink>
						<TCEforms>
							<label>Domain Name</label>
							<config>
								<type>input</type>
								<size>40</size>
								<max>150</max>
								<dafault></dafault>
								<eval>trim</eval>
							</config>
						</TCEforms>
					</settings.domainLink>
				</el>
			</ROOT>
		</newsletter>
	</sheets>
</T3DataStructure>