{
    "modules": [
        {
            "config": {
                "position": [
                    147,
                    158
                ]
            },
            "name": "New Model Object",
            "value": {
                "actionGroup": {
                    "_default0_list": false,
                    "_default1_show": false,
                    "_default2_new_create": false,
                    "_default3_edit_update": false,
                    "_default4_delete": false,
                    "customActions": [
                        "jsnews",
                        "homeNews"
                    ]
                },
                "name": "Jsnews",
                "objectsettings": {
                    "addDeletedField": true,
                    "addHiddenField": true,
                    "addStarttimeEndtimeFields": true,
                    "aggregateRoot": true,
                    "categorizable": false,
                    "description": "",
                    "mapToTable": "",
                    "parentClass": "",
                    "sorting": false,
                    "type": "Entity",
                    "uid": "58697797664"
                },
                "propertyGroup": {
                    "properties": []
                },
                "relationGroup": {
                    "relations": []
                }
            }
        }
    ],
    "properties": {
        "backendModules": [],
        "description": "News for newsletter",
        "emConf": {
            "category": "plugin",
            "custom_category": "",
            "dependsOn": "typo3 => 6.2\n",
            "disableLocalization": false,
            "disableVersioning": false,
            "sourceLanguage": "en",
            "state": "stable",
            "targetVersion": "6.2",
            "version": ""
        },
        "extensionKey": "js_news",
        "name": "News",
        "originalExtensionKey": "js_news",
        "persons": [],
        "plugins": [
            {
                "actions": {
                    "controllerActionCombinations": "Jsnews => jsnews",
                    "noncacheableActions": "Jsnews => jsnews",
                    "switchableActions": ""
                },
                "key": "jsnews",
                "name": "News for Newsletter"
            },
            {
                "actions": {
                    "controllerActionCombinations": "Jsnews => homeNews",
                    "noncacheableActions": "Jsnews => homeNews",
                    "switchableActions": ""
                },
                "key": "homeNews",
                "name": "News for Home page"
            }
        ],
        "vendorName": "JS"
    },
    "wires": [],
    "log": {
        "last_modified": "2016-07-27 03:55",
        "extension_builder_version": "6.2.0",
        "be_user": " (1)"
    }
}