<T3DataStructure>
	<meta>
		<langDisable>1</langDisable>
	</meta>
	<sheets>
		<main>
			<ROOT>
				<TCEforms>
					<sheetTitle>Main Settings</sheetTitle>
				</TCEforms>
				<type>array</type>
				<el>
					<settings.bookCourseLink>
						<TCEforms>
							<label>Booking Course Link to powermail form - if this is set then following list will not use</label>
							<config>
								<type>group</type>
								<internal_type>db</internal_type>
								<allowed>pages</allowed>
								<size>1</size>
								<autoSizeMax>1</autoSizeMax>
								<maxitems>1</maxitems>
								<minitems>0</minitems>
								<show_thumbs>1</show_thumbs>
								<default />
							</config>
						</TCEforms>
					</settings.bookCourseLink>
					<settings.storagePID>
						<TCEforms>
							<label>Starting Point</label>
							<config>
								<type>group</type>
								<internal_type>db</internal_type>
								<allowed>pages</allowed>
								<size>1</size>
								<autoSizeMax>30</autoSizeMax>
								<maxitems>99</maxitems>
								<minitems>0</minitems>
								<show_thumbs>1</show_thumbs>
								<default />
							</config>
						</TCEforms>
					</settings.storagePID>
				</el>
			</ROOT>
		</main>
		<category>
			<ROOT>
			<TCEforms>
				<sheetTitle>Category</sheetTitle>
			</TCEforms>
			<type>array</type>
				<el>
					<settings.categoryList>
						<TCEforms>
							<label>category List</label>
							<config>
								<type>select</type>
								<foreign_table>tx_jscourses_domain_model_category</foreign_table>
								<foreign_table_where> AND tx_jscourses_domain_model_category.deleted = 0 AND tx_jscourses_domain_model_category.hidden = 0</foreign_table_where>
								<size>15</size>
								<maxitems>100</maxitems>
								<minitems>0</minitems>
								<autoSizeMax>50</autoSizeMax>
							</config>
						</TCEforms>
					</settings.categoryList>
				</el>
			</ROOT>
		</category>
		<label>
			<ROOT>
			<TCEforms>
				<sheetTitle>Label</sheetTitle>
			</TCEforms>
			<type>array</type>
				<el>
					<settings.book>
						<TCEforms>
							<label>Book Course</label>
							<config>
								<type>input</type>
								<size>30</size>
								<max>50</max>
								<eval>trim</eval>
								<default>buchen</default>
							</config>
						</TCEforms>
					</settings.book>
					<settings.price>
						<TCEforms>
							<label>Preis auf Anfrage</label>
							<config>
								<type>input</type>
								<size>30</size>
								<max>50</max>
								<eval>trim</eval>
								<default>Preis auf Anfrage</default>
							</config>
						</TCEforms>
					</settings.price>
				</el>
			</ROOT>
		</label>
	</sheets>
</T3DataStructure>