<T3DataStructure>
	<meta>
		<langDisable>1</langDisable>
	</meta>
	<sheets>
		<sDEF>
			<ROOT>
				<TCEforms>
					<sheetTitle>LLL:EXT:js_contact_form/Resources/Private/Language/locallang_flexform.xlf:tx_jscontactform_domain_model_contactform.generalSetting</sheetTitle>
				</TCEforms>
				<type>array</type>
				<el>
					<settings.redirectPID>
						<TCEforms>
							<label>LLL:EXT:js_contact_form/Resources/Private/Language/locallang_flexform.xlf:tx_jscontactform_domain_model_contactform.redirectPID</label>
							<config>
								<type>group</type>
								<internal_type>db</internal_type>
								<allowed>pages</allowed>
								<size>1</size>
								<maxitems>1</maxitems>
								<minitems>0</minitems>
								<show_thumbs>1</show_thumbs>
								<default>1</default>
							</config>
						</TCEforms>
					</settings.redirectPID>
					<settings.storagePID>
						<TCEforms>
							<label>LLL:EXT:js_contact_form/Resources/Private/Language/locallang_flexform.xlf:tx_jscontactform_domain_model_contactform.storagePID</label>
							<config>
								<type>group</type>
								<internal_type>db</internal_type>
								<allowed>pages</allowed>
								<size>1</size>
								<maxitems>1</maxitems>
								<minitems>0</minitems>
								<show_thumbs>1</show_thumbs>
								<default>1</default>
							</config>
						</TCEforms>
					</settings.storagePID>
				</el>
			</ROOT>
		</sDEF>
		<sDEF2>
			<ROOT>
				<TCEforms>
					<sheetTitle>LLL:EXT:js_contact_form/Resources/Private/Language/locallang_flexform.xlf:tx_jscontactform_domain_model_contactform.emailConfiguration</sheetTitle>
				</TCEforms>
				<type>array</type>
				<el>
					<settings.subjectUser>
						<TCEforms>
							<label>LLL:EXT:js_contact_form/Resources/Private/Language/locallang_flexform.xlf:tx_jscontactform_domain_model_contactform.subjectUser</label>
							<config>
								<type>input</type>
								<size>48</size>
								<max>100</max>
								<default>Vielen Dank für Ihre Anfrage</default>
							</config>
						</TCEforms>
					</settings.subjectUser>
					<settings.subjectAdmin>
						<TCEforms>
							<label>LLL:EXT:js_contact_form/Resources/Private/Language/locallang_flexform.xlf:tx_jscontactform_domain_model_contactform.subjectAdmin</label>
							<config>
								<type>input</type>
								<default>Folgende Person hat das Kontakt-Formular ausgefüllt:</default>
								<size>48</size>
								<max>100</max>
							</config>
						</TCEforms>
					</settings.subjectAdmin>
					<settings.adminName>
						<TCEforms>
							<label>LLL:EXT:js_contact_form/Resources/Private/Language/locallang_flexform.xlf:tx_jscontactform_domain_model_contactform.adminName</label>
							<config>
								<type>input</type>
								<size>30</size>
								<max>50</max>
							</config>
						</TCEforms>
					</settings.adminName>
					<settings.adminEmail>
						<TCEforms>
							<label>LLL:EXT:js_contact_form/Resources/Private/Language/locallang_flexform.xlf:tx_jscontactform_domain_model_contactform.adminEmail</label>
							<config>
								<type>input</type>
								<size>30</size>
								<max>50</max>
							</config>
						</TCEforms>
					</settings.adminEmail>
					<settings.senderName>
						<TCEforms>
							<label>LLL:EXT:js_contact_form/Resources/Private/Language/locallang_flexform.xlf:tx_jscontactform_domain_model_contactform.senderName</label>
							<config>
								<type>input</type>
								<size>30</size>
								<max>50</max>
							</config>
						</TCEforms>
					</settings.senderName>
					<settings.senderEmail>
						<TCEforms>
							<label>LLL:EXT:js_contact_form/Resources/Private/Language/locallang_flexform.xlf:tx_jscontactform_domain_model_contactform.senderEmail</label>
							<config>
								<type>input</type>
								<size>30</size>
								<max>50</max>
							</config>
						</TCEforms>
					</settings.senderEmail>
					<settings.noreply>
						<TCEforms>
							<label>LLL:EXT:js_contact_form/Resources/Private/Language/locallang_flexform.xlf:tx_jscontactform_domain_model_contactform.noreply</label>
							<config>
								<type>input</type>
								<size>30</size>
								<max>50</max>
								<default>noreply</default>
							</config>
						</TCEforms>
					</settings.noreply>
					<settings.noreplyEmail>
						<TCEforms>
							<label>LLL:EXT:js_contact_form/Resources/Private/Language/locallang_flexform.xlf:tx_jscontactform_domain_model_contactform.noreplyEmail</label>
							<config>
								<type>input</type>
								<size>30</size>
								<max>250</max>
							</config>
						</TCEforms>
					</settings.noreplyEmail>
					<settings.sendMailUser>
						<TCEforms>
							<label>LLL:EXT:js_contact_form/Resources/Private/Language/locallang_flexform.xlf:tx_jscontactform_domain_model_contactform.sendMailUser</label>
							<config>
								<type>check</type>
								<default>1</default>
							</config>
						</TCEforms>
					</settings.sendMailUser>
					<settings.sendMailAdmin>
						<TCEforms>
							<label>LLL:EXT:js_contact_form/Resources/Private/Language/locallang_flexform.xlf:tx_jscontactform_domain_model_contactform.sendMailAdmin</label>
							<onChange>reload</onChange>
							<config>
								<type>check</type>
								<default>1</default>
							</config>
						</TCEforms>
					</settings.sendMailAdmin>
				</el>
			</ROOT>
		</sDEF2>
		<mailcontent>
			<ROOT>
				<TCEforms>
					<sheetTitle>LLL:EXT:js_contact_form/Resources/Private/Language/locallang_flexform.xlf:tx_jscontactform_domain_model_contactform.mailcontent.bodyMessage</sheetTitle>
				</TCEforms>
				<type>array</type>
				<el>
					<settings.mailcontent.user>
						<TCEforms>
							<exclude>1</exclude>
							<label>LLL:EXT:js_contact_form/Resources/Private/Language/locallang_flexform.xlf:tx_jscontactform_domain_model_contactform.mailcontent.user</label>
							<config>
								<type>text</type>
								<default>Sehr geehrte(r)Frau/Herr {username} 
vielen Dank für Ihre Anfrage. Wir werden diese so schnell wie möglich bearbeiten.
Sollten Sie Fragen zu unseren Dienstleistungen haben, stehen wir Ihnen jederzeit gerne zur Verfügung.

Mit Freundlichen Grüßen, 
Fachklinik Enzensberg
								</default>
							</config>
							<defaultExtras>richtext[cut|copy|paste|formatblock|bold|italic|underline|left|center|right|orderedlist|unorderedlist|outdent|indent|link|image|line|chMode]:rte_transform[mode=ts_css]</defaultExtras>
						</TCEforms>
					</settings.mailcontent.user>
					<settings.mailcontent.admin>
						<TCEforms>
							<exclude>1</exclude>
							<label>LLL:EXT:js_contact_form/Resources/Private/Language/locallang_flexform.xlf:tx_jscontactform_domain_model_contactform.mailcontent.admin</label>
							<config>
								<type>text</type>
								<default>Hallo liebes Fachklinik Enzensberg
Folgende Person hat das Kontakt-Formular unter {currentPage} ausgefüllt:
{userContent}</default>
							</config>
							<defaultExtras>richtext[cut|copy|paste|formatblock|bold|italic|underline|left|center|right|orderedlist|unorderedlist|outdent|indent|link|image|line|chMode]:rte_transform[mode=ts_css]</defaultExtras>
						</TCEforms>
					</settings.mailcontent.admin>
				</el>
			</ROOT>
		</mailcontent>
		<formFields>
			<ROOT>
				<TCEforms>
					<sheetTitle>LLL:EXT:js_contact_form/Resources/Private/Language/locallang_flexform.xlf:tx_jscontactform_domain_model_contactform.fieldsConfiguration</sheetTitle>
					<cshFile>LLL:EXT:js_contact_form/Resources/Private/Language/locallang_csh_flexform.xml</cshFile>
				</TCEforms>
				<type>array</type>
				<el>
					<settings.formFields>
						<TCEforms>
							<label>LLL:EXT:js_contact_form/Resources/Private/Language/locallang_flexform.xlf:tx_jscontactform_domain_model_contactform.formFields</label>
							<config>
								<type>input</type>
								<size>48</size>
								<max>250</max>
								<default>firstname, email, phone, message, captcha</default>
							</config>
						</TCEforms>
					</settings.formFields>
					<settings.requiredFields>
						<TCEforms>
							<label>LLL:EXT:js_contact_form/Resources/Private/Language/locallang_flexform.xlf:tx_jscontactform_domain_model_contactform.requiredFields</label>
							<config>
								<type>input</type>
								<size>48</size>
								<max>250</max>
								<default>firstname, email, message, captcha</default>
							</config>
						</TCEforms>
					</settings.requiredFields>
				</el>
			</ROOT>
		</formFields>
		<sDEF3>
			<ROOT>
				<TCEforms>
					<sheetTitle>LLL:EXT:js_contact_form/Resources/Private/Language/locallang_flexform.xlf:tx_jscontactform_domain_model_contactform.otherSetting</sheetTitle>
				</TCEforms>
				<type>array</type>
				<el>
					<settings.jQueryLib>
						<TCEforms>
							<label>LLL:EXT:js_contact_form/Resources/Private/Language/locallang_flexform.xlf:tx_jscontactform_domain_model_contactform.jQueryLib</label>
							<config>
								<type>check</type>
								<default>0</default>
							</config>
						</TCEforms>
					</settings.jQueryLib>
					<settings.jQueryValidation>
						<TCEforms>
							<label>LLL:EXT:js_contact_form/Resources/Private/Language/locallang_flexform.xlf:tx_jscontactform_domain_model_contactform.jQueryValidation</label>
							<config>
								<type>check</type>
								<default>1</default>
							</config>
						</TCEforms>
					</settings.jQueryValidation>
					<settings.includeJSinFooter>
						<TCEforms>
							<label>LLL:EXT:js_contact_form/Resources/Private/Language/locallang_flexform.xlf:tx_jscontactform_domain_model_contactform.includeJSinFooter</label>
							<config>
								<type>check</type>
								<default>1</default>
							</config>
						</TCEforms>
					</settings.includeJSinFooter>
					<settings.fancyCSS>
						<TCEforms>
							<label>LLL:EXT:js_contact_form/Resources/Private/Language/locallang_flexform.xlf:tx_jscontactform_domain_model_contactform.fancyCSS</label>
							<config>
								<type>check</type>
								<default>1</default>
							</config>
						</TCEforms>
					</settings.fancyCSS>
					<settings.responsiveLayout>
						<TCEforms>
							<label>LLL:EXT:js_contact_form/Resources/Private/Language/locallang_flexform.xlf:tx_jscontactform_domain_model_contactform.responsiveLayout</label>
							<config>
								<type>check</type>
								<default>1</default>
							</config>
						</TCEforms>
					</settings.responsiveLayout>
					<settings.includeCSSinFooter>
						<TCEforms>
							<label>LLL:EXT:js_contact_form/Resources/Private/Language/locallang_flexform.xlf:tx_jscontactform_domain_model_contactform.includeCSSinFooter</label>
							<config>
								<type>check</type>
								<default>1</default>
							</config>
						</TCEforms>
					</settings.includeCSSinFooter>
				</el>
			</ROOT>
		</sDEF3>
	</sheets>
</T3DataStructure>