{
    "modules": [
        {
            "config": {
                "position": [
                    71,
                    91
                ]
            },
            "name": "New Model Object",
            "value": {
                "actionGroup": {
                    "_default0_list": false,
                    "_default1_show": false,
                    "_default2_new_create": false,
                    "_default3_edit_update": false,
                    "_default4_delete": false,
                    "customActions": [

                    ]
                },
                "name": "Clinik",
                "objectsettings": {
                    "addDeletedField": true,
                    "addHiddenField": true,
                    "addStarttimeEndtimeFields": true,
                    "aggregateRoot": true,
                    "categorizable": false,
                    "description": "",
                    "mapToTable": "",
                    "parentClass": "",
                    "sorting": false,
                    "type": "Entity",
                    "uid": "44642192001"
                },
                "propertyGroup": {
                    "properties": [
                        {
                            "allowedFileTypes": "",
                            "maxItems": "1",
                            "propertyDescription": "",
                            "propertyIsExcludeField": true,
                            "propertyIsRequired": false,
                            "propertyName": "title",
                            "propertyType": "String",
                            "uid": "264739815003"
                        }
                    ]
                },
                "relationGroup": {
                    "relations": [

                    ]
                }
            }
        },
        {
            "config": {
                "position": [
                    58,
                    357
                ]
            },
            "name": "New Model Object",
            "value": {
                "actionGroup": {
                    "_default0_list": false,
                    "_default1_show": false,
                    "_default2_new_create": false,
                    "_default3_edit_update": false,
                    "_default4_delete": false,
                    "customActions": [

                    ]
                },
                "name": "Manager",
                "objectsettings": {
                    "addDeletedField": true,
                    "addHiddenField": true,
                    "addStarttimeEndtimeFields": true,
                    "aggregateRoot": true,
                    "categorizable": false,
                    "description": "",
                    "mapToTable": "",
                    "parentClass": "",
                    "sorting": false,
                    "type": "Entity",
                    "uid": "411128014101"
                },
                "propertyGroup": {
                    "properties": [
                        {
                            "allowedFileTypes": "",
                            "maxItems": "1",
                            "propertyDescription": "",
                            "propertyIsExcludeField": true,
                            "propertyIsRequired": false,
                            "propertyName": "name",
                            "propertyType": "String",
                            "uid": "1069778116245"
                        },
                        {
                            "allowedFileTypes": "",
                            "maxItems": "1",
                            "propertyDescription": "",
                            "propertyIsExcludeField": true,
                            "propertyIsRequired": false,
                            "propertyName": "designation",
                            "propertyType": "String",
                            "uid": "1324557758178"
                        },
                        {
                            "allowedFileTypes": "",
                            "maxItems": "1",
                            "propertyDescription": "",
                            "propertyIsExcludeField": true,
                            "propertyIsRequired": false,
                            "propertyName": "voraussetzungen",
                            "propertyType": "RichText",
                            "uid": "1397571477873"
                        },
                        {
                            "allowedFileTypes": "",
                            "maxItems": "1",
                            "propertyDescription": "",
                            "propertyIsExcludeField": true,
                            "propertyIsRequired": false,
                            "propertyName": "phone",
                            "propertyType": "String",
                            "uid": "1396907567133"
                        },
                        {
                            "allowedFileTypes": "",
                            "maxItems": "1",
                            "propertyDescription": "",
                            "propertyIsExcludeField": true,
                            "propertyIsRequired": false,
                            "propertyName": "email",
                            "propertyType": "String",
                            "uid": "768487580683"
                        },
                        {
                            "allowedFileTypes": "",
                            "maxItems": "1",
                            "propertyDescription": "",
                            "propertyIsExcludeField": true,
                            "propertyIsRequired": false,
                            "propertyName": "picture",
                            "propertyType": "Image",
                            "uid": "1186263227994"
                        }
                    ]
                },
                "relationGroup": {
                    "relations": [

                    ]
                }
            }
        },
        {
            "config": {
                "position": [
                    357,
                    186
                ]
            },
            "name": "New Model Object",
            "value": {
                "actionGroup": {
                    "_default0_list": false,
                    "_default1_show": false,
                    "_default2_new_create": false,
                    "_default3_edit_update": false,
                    "_default4_delete": false,
                    "customActions": [

                    ]
                },
                "name": "Applicant",
                "objectsettings": {
                    "addDeletedField": true,
                    "addHiddenField": true,
                    "addStarttimeEndtimeFields": true,
                    "aggregateRoot": true,
                    "categorizable": false,
                    "description": "",
                    "mapToTable": "",
                    "parentClass": "",
                    "sorting": false,
                    "type": "Entity",
                    "uid": "121200006889"
                },
                "propertyGroup": {
                    "properties": [
                        {
                            "allowedFileTypes": "",
                            "maxItems": "1",
                            "propertyDescription": "",
                            "propertyIsExcludeField": true,
                            "propertyIsRequired": false,
                            "propertyName": "name",
                            "propertyType": "String",
                            "uid": "981275250078"
                        },
                        {
                            "allowedFileTypes": "",
                            "maxItems": "1",
                            "propertyDescription": "",
                            "propertyIsExcludeField": true,
                            "propertyIsRequired": false,
                            "propertyName": "phone",
                            "propertyType": "String",
                            "uid": "1002199994946"
                        },
                        {
                            "allowedFileTypes": "",
                            "maxItems": "1",
                            "propertyDescription": "",
                            "propertyIsExcludeField": true,
                            "propertyIsRequired": false,
                            "propertyName": "email",
                            "propertyType": "String",
                            "uid": "621238840938"
                        },
                        {
                            "allowedFileTypes": "",
                            "maxItems": "1",
                            "propertyDescription": "",
                            "propertyIsExcludeField": true,
                            "propertyIsRequired": false,
                            "propertyName": "resume",
                            "propertyType": "File",
                            "uid": "265536019527"
                        },
                        {
                            "allowedFileTypes": "",
                            "maxItems": "1",
                            "propertyDescription": "",
                            "propertyIsExcludeField": true,
                            "propertyIsRequired": false,
                            "propertyName": "contactDate",
                            "propertyType": "DateTime",
                            "uid": "1098238554270"
                        },
                        {
                            "allowedFileTypes": "",
                            "maxItems": "1",
                            "propertyDescription": "",
                            "propertyIsExcludeField": true,
                            "propertyIsRequired": false,
                            "propertyName": "ip",
                            "propertyType": "String",
                            "uid": "202372111216"
                        },
                        {
                            "allowedFileTypes": "",
                            "maxItems": "1",
                            "propertyDescription": "",
                            "propertyIsExcludeField": true,
                            "propertyIsRequired": false,
                            "propertyName": "useragent",
                            "propertyType": "String",
                            "uid": "280883251025"
                        }
                    ]
                },
                "relationGroup": {
                    "relations": [

                    ]
                }
            }
        },
        {
            "config": {
                "position": [
                    725,
                    65
                ]
            },
            "name": "New Model Object",
            "value": {
                "actionGroup": {
                    "_default0_list": false,
                    "_default1_show": false,
                    "_default2_new_create": false,
                    "_default3_edit_update": false,
                    "_default4_delete": false,
                    "customActions": [
                        "job"
                    ]
                },
                "name": "Job",
                "objectsettings": {
                    "addDeletedField": true,
                    "addHiddenField": true,
                    "addStarttimeEndtimeFields": true,
                    "aggregateRoot": true,
                    "categorizable": false,
                    "description": "",
                    "mapToTable": "",
                    "parentClass": "",
                    "sorting": false,
                    "type": "Entity",
                    "uid": "871048765798"
                },
                "propertyGroup": {
                    "properties": [
                        {
                            "allowedFileTypes": "",
                            "maxItems": "1",
                            "propertyDescription": "",
                            "propertyIsExcludeField": true,
                            "propertyIsRequired": false,
                            "propertyName": "title",
                            "propertyType": "String",
                            "uid": "820072093094"
                        },
                        {
                            "allowedFileTypes": "",
                            "maxItems": "1",
                            "propertyDescription": "",
                            "propertyIsExcludeField": true,
                            "propertyIsRequired": false,
                            "propertyName": "place",
                            "propertyType": "String",
                            "uid": "640128813772"
                        },
                        {
                            "allowedFileTypes": "",
                            "maxItems": "1",
                            "propertyDescription": "",
                            "propertyIsExcludeField": true,
                            "propertyIsRequired": false,
                            "propertyName": "joinCheck",
                            "propertyType": "Boolean",
                            "uid": "1239085216913"
                        },
                        {
                            "allowedFileTypes": "",
                            "maxItems": "1",
                            "propertyDescription": "",
                            "propertyIsExcludeField": true,
                            "propertyIsRequired": false,
                            "propertyName": "joinDate",
                            "propertyType": "DateTime",
                            "uid": "850978543175"
                        },
                        {
                            "allowedFileTypes": "",
                            "maxItems": "1",
                            "propertyDescription": "",
                            "propertyIsExcludeField": true,
                            "propertyIsRequired": false,
                            "propertyName": "textCheck",
                            "propertyType": "Boolean",
                            "uid": "835565300659"
                        },
                        {
                            "allowedFileTypes": "",
                            "maxItems": "1",
                            "propertyDescription": "",
                            "propertyIsExcludeField": true,
                            "propertyIsRequired": false,
                            "propertyName": "text",
                            "propertyType": "String",
                            "uid": "765855828666"
                        },
                        {
                            "allowedFileTypes": "",
                            "maxItems": "1",
                            "propertyDescription": "",
                            "propertyIsExcludeField": true,
                            "propertyIsRequired": false,
                            "propertyName": "abSofort",
                            "propertyType": "Boolean",
                            "uid": "475530248466"
                        },
                        {
                            "allowedFileTypes": "",
                            "maxItems": "1",
                            "propertyDescription": "",
                            "propertyIsExcludeField": true,
                            "propertyIsRequired": false,
                            "propertyName": "timing",
                            "propertyType": "Select",
                            "uid": "1327899857686"
                        },
                        {
                            "allowedFileTypes": "",
                            "maxItems": "1",
                            "propertyDescription": "",
                            "propertyIsExcludeField": true,
                            "propertyIsRequired": false,
                            "propertyName": "contract",
                            "propertyType": "String",
                            "uid": "465995148634"
                        },
                        {
                            "allowedFileTypes": "",
                            "maxItems": "1",
                            "propertyDescription": "",
                            "propertyIsExcludeField": true,
                            "propertyIsRequired": false,
                            "propertyName": "shortDescription",
                            "propertyType": "Text",
                            "uid": "1092013736098"
                        },
                        {
                            "allowedFileTypes": "",
                            "maxItems": "1",
                            "propertyDescription": "",
                            "propertyIsExcludeField": true,
                            "propertyIsRequired": false,
                            "propertyName": "descriptionHeader",
                            "propertyType": "String",
                            "uid": "704063678803"
                        },
                        {
                            "allowedFileTypes": "",
                            "maxItems": "1",
                            "propertyDescription": "",
                            "propertyIsExcludeField": true,
                            "propertyIsRequired": false,
                            "propertyName": "descriptionPart1",
                            "propertyType": "RichText",
                            "uid": "1339619762884"
                        },
                        {
                            "allowedFileTypes": "",
                            "maxItems": "1",
                            "propertyDescription": "",
                            "propertyIsExcludeField": true,
                            "propertyIsRequired": false,
                            "propertyName": "descriptionPart2",
                            "propertyType": "RichText",
                            "uid": "1142798950302"
                        },
                        {
                            "allowedFileTypes": "",
                            "maxItems": "1",
                            "propertyDescription": "",
                            "propertyIsExcludeField": true,
                            "propertyIsRequired": false,
                            "propertyName": "pdf",
                            "propertyType": "File",
                            "uid": "202298672359"
                        }
                    ]
                },
                "relationGroup": {
                    "relations": [
                        {
                            "foreignRelationClass": "",
                            "lazyLoading": false,
                            "propertyIsExcludeField": true,
                            "relationDescription": "",
                            "relationName": "caetgory",
                            "relationType": "manyToOne",
                            "relationWire": "[wired]",
                            "uid": "599573331939"
                        },
                        {
                            "foreignRelationClass": "",
                            "lazyLoading": false,
                            "propertyIsExcludeField": true,
                            "relationDescription": "",
                            "relationName": "contactPerson",
                            "relationType": "manyToMany",
                            "relationWire": "[wired]",
                            "uid": "511850745329"
                        },
                        {
                            "foreignRelationClass": "",
                            "lazyLoading": false,
                            "propertyIsExcludeField": true,
                            "relationDescription": "",
                            "relationName": "applicant",
                            "relationType": "zeroToMany",
                            "relationWire": "[wired]",
                            "uid": "685168423802"
                        }
                    ]
                }
            }
        }
    ],
    "properties": {
        "backendModules": [

        ],
        "description": "Karriere Extension",
        "emConf": {
            "category": "plugin",
            "custom_category": "",
            "dependsOn": "typo3 => 6.0.0 - 6.2.99",
            "disableLocalization": false,
            "disableVersioning": false,
            "sourceLanguage": "en",
            "state": "stable",
            "targetVersion": "6.2",
            "version": "1.0.1"
        },
        "extensionKey": "js_career",
        "name": "Career ",
        "originalExtensionKey": "js_career",
        "persons": [

        ],
        "plugins": [
            {
                "actions": {
                    "controllerActionCombinations": "Job => job",
                    "noncacheableActions": "Job => job",
                    "switchableActions": ""
                },
                "key": "career",
                "name": "Career "
            }
        ],
        "vendorName": "JS"
    },
    "wires": [
        {
            "src": {
                "moduleId": 3,
                "terminal": "relationWire_0",
                "uid": "599573331939"
            },
            "tgt": {
                "moduleId": 0,
                "terminal": "SOURCES",
                "uid": "44642192001"
            }
        },
        {
            "src": {
                "moduleId": 3,
                "terminal": "relationWire_1",
                "uid": "511850745329"
            },
            "tgt": {
                "moduleId": 1,
                "terminal": "SOURCES",
                "uid": "411128014101"
            }
        },
        {
            "src": {
                "moduleId": 3,
                "terminal": "relationWire_2",
                "uid": "685168423802"
            },
            "tgt": {
                "moduleId": 2,
                "terminal": "SOURCES",
                "uid": "121200006889"
            }
        }
    ],
    "log": {
        "last_modified": "2015-08-29 01:34",
        "extension_builder_version": "6.2.0",
        "be_user": " (2)"
    }
}