<T3DataStructure>
	<meta>
		<langDisable>1</langDisable>
	</meta>
	<sheets>
		<sDEF>
			<ROOT>
				<TCEforms>
					<sheetTitle>LLL:EXT:js_clinik/Resources/Private/Language/locallang_flexform.xlf:flexform.setting.general</sheetTitle>
				</TCEforms>
				<type>array</type>
				<el>
					<settings.orderBy>
						<TCEforms>
							<label>LLL:EXT:js_clinik/Resources/Private/Language/locallang_flexform.xlf:flexform.orderBy</label>
							<config>
								<type>select</type>
								<items type="array">
									<numIndex index="0" type="array">
										<numIndex index="0">LLL:EXT:js_clinik/Resources/Private/Language/locallang_flexform.xlf:flexform.choose</numIndex>
										<numIndex index="1" />
									</numIndex>
									<numIndex index="1" type="array">
										<numIndex index="0">LLL:EXT:js_clinik/Resources/Private/Language/locallang_flexform.xlf:flexform.orderBy.title</numIndex>
										<numIndex index="1">title</numIndex>
									</numIndex>
									<numIndex index="2" type="array">
										<numIndex index="0">LLL:EXT:js_clinik/Resources/Private/Language/locallang_flexform.xlf:flexform.orderBy.uid</numIndex>
										<numIndex index="1">uid</numIndex>
									</numIndex>
									<numIndex index="3" type="array">
										<numIndex index="0">LLL:EXT:js_clinik/Resources/Private/Language/locallang_flexform.xlf:flexform.orderBy.crdate</numIndex>
										<numIndex index="1">crdate</numIndex>
									</numIndex>
									<numIndex index="4" type="array">
										<numIndex index="0">LLL:EXT:js_clinik/Resources/Private/Language/locallang_flexform.xlf:flexform.orderBy.tstamp</numIndex>
										<numIndex index="1">tstamp</numIndex>
									</numIndex>									
								</items>
							</config>
						</TCEforms>
					</settings.orderBy>
					<settings.sorting>
						<TCEforms>
							<label>LLL:EXT:js_clinik/Resources/Private/Language/locallang_flexform.xlf:flexform.sorting</label>
							<config>
								<type>select</type>
								<items type="array">
									<numIndex index="0" type="array">
										<numIndex index="0">LLL:EXT:js_clinik/Resources/Private/Language/locallang_flexform.xlf:flexform.choose</numIndex>
										<numIndex index="1" />
									</numIndex>
									<numIndex index="1" type="array">
										<numIndex index="0">LLL:EXT:js_clinik/Resources/Private/Language/locallang_flexform.xlf:flexform.choose.ascending</numIndex>
										<numIndex index="1">asc</numIndex>
									</numIndex>
									<numIndex index="2" type="array">
										<numIndex index="0">LLL:EXT:js_clinik/Resources/Private/Language/locallang_flexform.xlf:flexform.choose.descending</numIndex>
										<numIndex index="1">desc</numIndex>
									</numIndex>
								</items>
							</config>
						</TCEforms>
					</settings.sorting>
					<settings.storagePID>
						<TCEforms>
							<label>LLL:EXT:js_clinik/Resources/Private/Language/locallang_flexform.xlf:flexform.storagePID</label>
							<config>
								<type>group</type>
								<internal_type>db</internal_type>
								<allowed>pages</allowed>
								<size>2</size>
								<autoSizeMax>30</autoSizeMax>
								<maxitems>99</maxitems>
								<minitems>0</minitems>
								<show_thumbs>1</show_thumbs>
								<default />
							</config>
						</TCEforms>
					</settings.storagePID>
				</el>
			</ROOT>
		</sDEF>
	</sheets>
</T3DataStructure>