{
    "modules": [
        {
            "config": {
                "position": [
                    347,
                    84
                ]
            },
            "name": "New Model Object",
            "value": {
                "actionGroup": {
                    "_default0_list": false,
                    "_default1_show": false,
                    "_default2_new_create": false,
                    "_default3_edit_update": false,
                    "_default4_delete": false,
                    "customActions": [

                    ]
                },
                "name": "Facilities",
                "objectsettings": {
                    "addDeletedField": true,
                    "addHiddenField": true,
                    "addStarttimeEndtimeFields": true,
                    "aggregateRoot": true,
                    "categorizable": false,
                    "description": "",
                    "mapToTable": "",
                    "parentClass": "",
                    "sorting": false,
                    "type": "Entity",
                    "uid": "96335555564"
                },
                "propertyGroup": {
                    "properties": [
                        {
                            "allowedFileTypes": "",
                            "maxItems": "1",
                            "propertyDescription": "",
                            "propertyIsExcludeField": true,
                            "propertyIsRequired": false,
                            "propertyName": "title",
                            "propertyType": "String",
                            "uid": "476357935483"
                        }
                    ]
                },
                "relationGroup": {
                    "relations": [
                        {
                            "foreignRelationClass": "",
                            "lazyLoading": false,
                            "propertyIsExcludeField": true,
                            "relationDescription": "",
                            "relationName": "type",
                            "relationType": "manyToOne",
                            "relationWire": "[wired]",
                            "uid": "1284656466767"
                        }
                    ]
                }
            }
        },
        {
            "config": {
                "position": [
                    625,
                    82
                ]
            },
            "name": "New Model Object",
            "value": {
                "actionGroup": {
                    "_default0_list": false,
                    "_default1_show": false,
                    "_default2_new_create": false,
                    "_default3_edit_update": false,
                    "_default4_delete": false,
                    "customActions": [
                        "clinikFinder",
                        "footerMap"
                    ]
                },
                "name": "Clinik",
                "objectsettings": {
                    "addDeletedField": true,
                    "addHiddenField": true,
                    "addStarttimeEndtimeFields": true,
                    "aggregateRoot": true,
                    "categorizable": false,
                    "description": "",
                    "mapToTable": "",
                    "parentClass": "",
                    "sorting": false,
                    "type": "Entity",
                    "uid": "45768872402"
                },
                "propertyGroup": {
                    "properties": [
                        {
                            "allowedFileTypes": "",
                            "maxItems": "1",
                            "propertyDescription": "",
                            "propertyIsExcludeField": true,
                            "propertyIsRequired": false,
                            "propertyName": "title",
                            "propertyType": "String",
                            "uid": "1434380105228"
                        },
                        {
                            "allowedFileTypes": "",
                            "maxItems": "1",
                            "propertyDescription": "",
                            "propertyIsExcludeField": true,
                            "propertyIsRequired": false,
                            "propertyName": "location",
                            "propertyType": "String",
                            "uid": "568537627963"
                        },
                        {
                            "allowedFileTypes": "",
                            "maxItems": "1",
                            "propertyDescription": "",
                            "propertyIsExcludeField": true,
                            "propertyIsRequired": false,
                            "propertyName": "logo",
                            "propertyType": "Image",
                            "uid": "357741484570"
                        },
                        {
                            "allowedFileTypes": "",
                            "maxItems": "1",
                            "propertyDescription": "",
                            "propertyIsExcludeField": true,
                            "propertyIsRequired": false,
                            "propertyName": "description",
                            "propertyType": "RichText",
                            "uid": "1003218306572"
                        },
                        {
                            "allowedFileTypes": "",
                            "maxItems": "1",
                            "propertyDescription": "",
                            "propertyIsExcludeField": true,
                            "propertyIsRequired": false,
                            "propertyName": "link",
                            "propertyType": "String",
                            "uid": "692215146062"
                        },
                        {
                            "allowedFileTypes": "",
                            "maxItems": "1",
                            "propertyDescription": "",
                            "propertyIsExcludeField": true,
                            "propertyIsRequired": false,
                            "propertyName": "clinikId",
                            "propertyType": "String",
                            "uid": "211696235292"
                        },
                        {
                            "allowedFileTypes": "",
                            "maxItems": "1",
                            "propertyDescription": "",
                            "propertyIsExcludeField": true,
                            "propertyIsRequired": false,
                            "propertyName": "image",
                            "propertyType": "Image",
                            "uid": "939025537683"
                        },
                        {
                            "allowedFileTypes": "",
                            "maxItems": "1",
                            "propertyDescription": "",
                            "propertyIsExcludeField": true,
                            "propertyIsRequired": false,
                            "propertyName": "latitude",
                            "propertyType": "String",
                            "uid": "296139679078"
                        },
                        {
                            "allowedFileTypes": "",
                            "maxItems": "1",
                            "propertyDescription": "",
                            "propertyIsExcludeField": true,
                            "propertyIsRequired": false,
                            "propertyName": "longitude",
                            "propertyType": "String",
                            "uid": "271202720693"
                        },
                        {
                            "allowedFileTypes": "",
                            "maxItems": "1",
                            "propertyDescription": "",
                            "propertyIsExcludeField": true,
                            "propertyIsRequired": false,
                            "propertyName": "displayMapContent",
                            "propertyType": "Boolean",
                            "uid": "417071099905"
                        },
                        {
                            "allowedFileTypes": "",
                            "maxItems": "1",
                            "propertyDescription": "",
                            "propertyIsExcludeField": true,
                            "propertyIsRequired": false,
                            "propertyName": "mapContent",
                            "propertyType": "RichText",
                            "uid": "988182614443"
                        },
                        {
                            "allowedFileTypes": "",
                            "maxItems": "1",
                            "propertyDescription": "",
                            "propertyIsExcludeField": true,
                            "propertyIsRequired": false,
                            "propertyName": "mapIcon",
                            "propertyType": "Image",
                            "uid": "154450250367"
                        }
                    ]
                },
                "relationGroup": {
                    "relations": [
                        {
                            "foreignRelationClass": "",
                            "lazyLoading": false,
                            "propertyIsExcludeField": true,
                            "relationDescription": "",
                            "relationName": "facilities",
                            "relationType": "manyToMany",
                            "relationWire": "[wired]",
                            "uid": "738022991946"
                        }
                    ]
                }
            }
        },
        {
            "config": {
                "position": [
                    109,
                    94
                ]
            },
            "name": "New Model Object",
            "value": {
                "actionGroup": {
                    "_default0_list": false,
                    "_default1_show": false,
                    "_default2_new_create": false,
                    "_default3_edit_update": false,
                    "_default4_delete": false,
                    "customActions": [

                    ]
                },
                "name": "Type",
                "objectsettings": {
                    "addDeletedField": true,
                    "addHiddenField": true,
                    "addStarttimeEndtimeFields": true,
                    "aggregateRoot": true,
                    "categorizable": false,
                    "description": "",
                    "mapToTable": "",
                    "parentClass": "",
                    "sorting": false,
                    "type": "Entity",
                    "uid": "995195442016"
                },
                "propertyGroup": {
                    "properties": [
                        {
                            "allowedFileTypes": "",
                            "maxItems": "1",
                            "propertyDescription": "",
                            "propertyIsExcludeField": true,
                            "propertyIsRequired": false,
                            "propertyName": "title",
                            "propertyType": "String",
                            "uid": "10418277126"
                        }
                    ]
                },
                "relationGroup": {
                    "relations": [

                    ]
                }
            }
        }
    ],
    "properties": {
        "backendModules": [

        ],
        "description": "Clink Finder",
        "emConf": {
            "category": "plugin",
            "custom_category": "",
            "dependsOn": "typo3 => 6.0.0 - 6.2.99",
            "disableLocalization": false,
            "disableVersioning": false,
            "sourceLanguage": "en",
            "state": "stable",
            "targetVersion": "6.2",
            "version": ""
        },
        "extensionKey": "js_clinik",
        "name": "Clink Finder ",
        "originalExtensionKey": "js_clinik",
        "persons": [

        ],
        "plugins": [
            {
                "actions": {
                    "controllerActionCombinations": "Clinik => clinikFinder",
                    "noncacheableActions": "Clinik => clinikFinder",
                    "switchableActions": ""
                },
                "key": "clinikFinder",
                "name": "Clink Finder"
            },
            {
                "actions": {
                    "controllerActionCombinations": "Clinik => footerMap",
                    "noncacheableActions": "Clinik => footerMap",
                    "switchableActions": ""
                },
                "key": "footerMap",
                "name": "Footer Map - Clink"
            }
        ],
        "vendorName": "JS"
    },
    "wires": [
        {
            "src": {
                "moduleId": 1,
                "terminal": "relationWire_0",
                "uid": "738022991946"
            },
            "tgt": {
                "moduleId": 0,
                "terminal": "SOURCES",
                "uid": "96335555564"
            }
        },
        {
            "src": {
                "moduleId": 0,
                "terminal": "relationWire_0",
                "uid": "1284656466767"
            },
            "tgt": {
                "moduleId": 2,
                "terminal": "SOURCES",
                "uid": "995195442016"
            }
        }
    ],
    "log": {
        "last_modified": "2015-08-28 06:07",
        "extension_builder_version": "6.2.0",
        "be_user": " (2)"
    }
}